"DeviceName","SerialNumber","Model","Manufacturer","AutopilotID","IntuneID","InIntune","InAutopilot","LastSyncDateTime","DaysSinceLastSync","SyncStatus","EnrollmentState","DeploymentProfileAssigned","ComplianceState","OSVersion","PrimaryUser","UserEmail","ManagementState","IsEncrypted","AzureADRegistered","AutopilotEnrolled","GroupTag","RecommendedAction"
"Not in Intune","5CD1292CWG","HP ProBook 440 G8 Notebook PC","HP","9adc0b6e-4666-461a-8236-54f0e3bc14e7","N/A","No","Yes","Never synced","N/A","ORPHANED - In Autopilot only","enrolled","None","N/A","N/A","N/A","N/A","N/A","N/A","N/A","enrolled","NOeca8fbaf8CSV-1_AmundSkuterud 4","SAFE TO REMOVE - Device never enrolled or already retired from Intune"
"Not in Intune","5CD1292CWJ","HP ProBook 440 G8 Notebook PC","HP","ecefede7-b1ba-4bdc-9465-20cbf65774a4","N/A","No","Yes","Never synced","N/A","ORPHANED - In Autopilot only","notContacted","None","N/A","N/A","N/A","N/A","N/A","N/A","N/A","notContacted","NOeca8fbaf8CSV-1_AmundSkuterud 4","SAFE TO REMOVE - Device never enrolled or already retired from Intune"
"Not in Intune","5CD1292CWL","HP ProBook 440 G8 Notebook PC","HP","9b600e7d-6488-484a-9f5c-d0b1907c707b","N/A","No","Yes","Never synced","N/A","ORPHANED - In Autopilot only","notContacted","None","N/A","N/A","N/A","N/A","N/A","N/A","N/A","notContacted","","SAFE TO REMOVE - Device never enrolled or already retired from Intune"
"Not in Intune","5CD3281RC5","HP EliteBook 640 14 inch G9 Notebook PC","HP","6f02e786-0753-4c57-8881-25869bc89270","N/A","No","Yes","Never synced","N/A","ORPHANED - In Autopilot only","notContacted","None","N/A","N/A","N/A","N/A","N/A","N/A","N/A","notContacted","","SAFE TO REMOVE - Device never enrolled or already retired from Intune"
"Not in Intune","5CD4023DQ7","HP EliteBook 640 14 inch G9 Notebook PC","HP","7b5ad945-8954-4b1e-b37f-0ed4899d599f","N/A","No","Yes","Never synced","N/A","ORPHANED - In Autopilot only","notContacted","None","N/A","N/A","N/A","N/A","N/A","N/A","N/A","notContacted","","SAFE TO REMOVE - Device never enrolled or already retired from Intune"
"Not in Intune","5CD4023DQC","HP EliteBook 640 14 inch G9 Notebook PC","HP","4b322191-106d-459c-98d0-69628dd56500","N/A","No","Yes","Never synced","N/A","ORPHANED - In Autopilot only","notContacted","None","N/A","N/A","N/A","N/A","N/A","N/A","N/A","notContacted","ADE","SAFE TO REMOVE - Device never enrolled or already retired from Intune"
"Not in Intune","5CD42722HY","HP EliteBook 640 14 inch G10 Notebook PC","HP","804c93d6-45c7-4205-ace0-a781449d6429","N/A","No","Yes","Never synced","N/A","ORPHANED - In Autopilot only","notContacted","None","N/A","N/A","N/A","N/A","N/A","N/A","N/A","notContacted","","SAFE TO REMOVE - Device never enrolled or already retired from Intune"
"Not in Intune","5CD42722J8","HP EliteBook 640 14 inch G10 Notebook PC","HP","fb5540af-7d07-430f-84b3-4bc23417b2c1","N/A","No","Yes","Never synced","N/A","ORPHANED - In Autopilot only","notContacted","None","N/A","N/A","N/A","N/A","N/A","N/A","N/A","notContacted","","SAFE TO REMOVE - Device never enrolled or already retired from Intune"
"Not in Intune","5CD42722JB","HP EliteBook 640 14 inch G10 Notebook PC","HP","e7e71a46-a1ac-4b78-8a97-1fffd1ae10b1","N/A","No","Yes","Never synced","N/A","ORPHANED - In Autopilot only","notContacted","None","N/A","N/A","N/A","N/A","N/A","N/A","N/A","notContacted","","SAFE TO REMOVE - Device never enrolled or already retired from Intune"
"Not in Intune","5CD524DDKT","HP ProBook 4 G1iR 14 inch Notebook PC","HP","24585628-bcad-487c-b034-b265805888dc","N/A","No","Yes","Never synced","N/A","ORPHANED - In Autopilot only","notContacted","None","N/A","N/A","N/A","N/A","N/A","N/A","N/A","notContacted","NO4505483381_6900VIDR","SAFE TO REMOVE - Device never enrolled or already retired from Intune"
"Not in Intune","5CD5302CHQ","HP EliteBook 640 14 inch G11 Notebook PC","HP","3a9858a4-c54f-4d03-b81e-c9d7f705c447","N/A","No","Yes","Never synced","N/A","ORPHANED - In Autopilot only","notContacted","None","N/A","N/A","N/A","N/A","N/A","N/A","N/A","notContacted","","SAFE TO REMOVE - Device never enrolled or already retired from Intune"
"Not in Intune","5CD5302CHV","HP EliteBook 640 14 inch G11 Notebook PC","HP","09ee372a-cafe-4730-90a8-1decbd582557","N/A","No","Yes","Never synced","N/A","ORPHANED - In Autopilot only","notContacted","None","N/A","N/A","N/A","N/A","N/A","N/A","N/A","notContacted","","SAFE TO REMOVE - Device never enrolled or already retired from Intune"
"Not in Intune","5CD5302CHW","HP EliteBook 640 14 inch G11 Notebook PC","HP","9f251556-50f0-4324-b4ca-d5d0a57a0fa1","N/A","No","Yes","Never synced","N/A","ORPHANED - In Autopilot only","notContacted","None","N/A","N/A","N/A","N/A","N/A","N/A","N/A","notContacted","","SAFE TO REMOVE - Device never enrolled or already retired from Intune"
"Not in Intune","5CD5302CJ9","HP EliteBook 640 14 inch G11 Notebook PC","HP","3768dc45-2bf4-4bdf-ac6c-119dfc880469","N/A","No","Yes","Never synced","N/A","ORPHANED - In Autopilot only","notContacted","None","N/A","N/A","N/A","N/A","N/A","N/A","N/A","notContacted","","SAFE TO REMOVE - Device never enrolled or already retired from Intune"
"Not in Intune","5CD5302CJG","HP EliteBook 640 14 inch G11 Notebook PC","HP","dad40655-fb3f-4c33-b1c0-1ed82e66fb06","N/A","No","Yes","Never synced","N/A","ORPHANED - In Autopilot only","notContacted","None","N/A","N/A","N/A","N/A","N/A","N/A","N/A","notContacted","","SAFE TO REMOVE - Device never enrolled or already retired from Intune"
"Not in Intune","5CD5302CJM","HP EliteBook 640 14 inch G11 Notebook PC","HP","898e080a-0c9d-4721-b95d-2f6001d8f17d","N/A","No","Yes","Never synced","N/A","ORPHANED - In Autopilot only","notContacted","None","N/A","N/A","N/A","N/A","N/A","N/A","N/A","notContacted","","SAFE TO REMOVE - Device never enrolled or already retired from Intune"
"Not in Intune","5CD5302CL6","HP EliteBook 640 14 inch G11 Notebook PC","HP","75e93e41-1ea9-4222-8a72-e531914779b4","N/A","No","Yes","Never synced","N/A","ORPHANED - In Autopilot only","notContacted","None","N/A","N/A","N/A","N/A","N/A","N/A","N/A","notContacted","","SAFE TO REMOVE - Device never enrolled or already retired from Intune"
"Not in Intune","5CD537FGRT","HP EliteBook 640 14 inch G11 Notebook PC","HP","1a54ffa1-4311-48dd-8239-a47a0e0dcd4f","N/A","No","Yes","Never synced","N/A","ORPHANED - In Autopilot only","notContacted","None","N/A","N/A","N/A","N/A","N/A","N/A","N/A","notContacted","NO4505464833_2000linfje","SAFE TO REMOVE - Device never enrolled or already retired from Intune"
"Not in Intune","5CD5398QN2","HP EliteBook 660 16 inch G11 Notebook PC","HP","3c8c933b-53a8-409d-9f27-cd62a3b53865","N/A","No","Yes","Never synced","N/A","ORPHANED - In Autopilot only","notContacted","None","N/A","N/A","N/A","N/A","N/A","N/A","N/A","notContacted","NO4505476299_2000linfje","SAFE TO REMOVE - Device never enrolled or already retired from Intune"
"Not in Intune","5CD5398QN3","HP EliteBook 660 16 inch G11 Notebook PC","HP","6a6150d1-9dc1-4988-aadf-b2fbf468de68","N/A","No","Yes","Never synced","N/A","ORPHANED - In Autopilot only","notContacted","None","N/A","N/A","N/A","N/A","N/A","N/A","N/A","notContacted","NO4505476299_2000linfje","SAFE TO REMOVE - Device never enrolled or already retired from Intune"
"Not in Intune","5CD5398QN4","HP EliteBook 660 16 inch G11 Notebook PC","HP","a5c65a99-8e2c-4fc9-a887-03c00800c484","N/A","No","Yes","Never synced","N/A","ORPHANED - In Autopilot only","notContacted","None","N/A","N/A","N/A","N/A","N/A","N/A","N/A","notContacted","NO4505476299_2000linfje","SAFE TO REMOVE - Device never enrolled or already retired from Intune"
"Not in Intune","5CD5398QN5","HP EliteBook 660 16 inch G11 Notebook PC","HP","f7f65783-ff8a-482f-8e34-1d3ff8a9b2e6","N/A","No","Yes","Never synced","N/A","ORPHANED - In Autopilot only","notContacted","None","N/A","N/A","N/A","N/A","N/A","N/A","N/A","notContacted","NO4505476299_2000linfje","SAFE TO REMOVE - Device never enrolled or already retired from Intune"
"Not in Intune","5CD5398QN6","HP EliteBook 660 16 inch G11 Notebook PC","HP","13444a9c-1425-4011-8acb-9edd7943f120","N/A","No","Yes","Never synced","N/A","ORPHANED - In Autopilot only","notContacted","None","N/A","N/A","N/A","N/A","N/A","N/A","N/A","notContacted","NO4505476299_2000linfje","SAFE TO REMOVE - Device never enrolled or already retired from Intune"
"Not in Intune","5CD5398QN7","HP EliteBook 660 16 inch G11 Notebook PC","HP","ceb7dd29-47f6-48e8-b206-9e21dad37b86","N/A","No","Yes","Never synced","N/A","ORPHANED - In Autopilot only","notContacted","None","N/A","N/A","N/A","N/A","N/A","N/A","N/A","notContacted","NO4505476299_2000linfje","SAFE TO REMOVE - Device never enrolled or already retired from Intune"
"Not in Intune","5CD5398QN8","HP EliteBook 660 16 inch G11 Notebook PC","HP","f3eb75d2-7edf-462f-bf20-86e413131477","N/A","No","Yes","Never synced","N/A","ORPHANED - In Autopilot only","notContacted","None","N/A","N/A","N/A","N/A","N/A","N/A","N/A","notContacted","NO4505476299_2000linfje","SAFE TO REMOVE - Device never enrolled or already retired from Intune"
"Not in Intune","5CD5398QN9","HP EliteBook 660 16 inch G11 Notebook PC","HP","c63aa40d-4deb-4f45-850b-a2df0c24b0d7","N/A","No","Yes","Never synced","N/A","ORPHANED - In Autopilot only","notContacted","None","N/A","N/A","N/A","N/A","N/A","N/A","N/A","notContacted","NO4505476299_2000linfje","SAFE TO REMOVE - Device never enrolled or already retired from Intune"
"Not in Intune","5CD5398QNB","HP EliteBook 660 16 inch G11 Notebook PC","HP","0f14eaeb-ec18-498e-a6bb-f7cbd438fbf8","N/A","No","Yes","Never synced","N/A","ORPHANED - In Autopilot only","notContacted","None","N/A","N/A","N/A","N/A","N/A","N/A","N/A","notContacted","NO4505476299_2000linfje","SAFE TO REMOVE - Device never enrolled or already retired from Intune"
"Not in Intune","5CD5398QNC","HP EliteBook 660 16 inch G11 Notebook PC","HP","97fe3033-e1fe-4e34-9f31-c0f2cc5bd394","N/A","No","Yes","Never synced","N/A","ORPHANED - In Autopilot only","notContacted","None","N/A","N/A","N/A","N/A","N/A","N/A","N/A","notContacted","NO4505476299_2000linfje","SAFE TO REMOVE - Device never enrolled or already retired from Intune"
"Not in Intune","5CD5398QND","HP EliteBook 660 16 inch G11 Notebook PC","HP","162dccf7-e9ec-4283-a0a9-5ace3d96f2e4","N/A","No","Yes","Never synced","N/A","ORPHANED - In Autopilot only","notContacted","None","N/A","N/A","N/A","N/A","N/A","N/A","N/A","notContacted","NO4505476299_2000linfje","SAFE TO REMOVE - Device never enrolled or already retired from Intune"
"Not in Intune","5CD5398QNF","HP EliteBook 660 16 inch G11 Notebook PC","HP","95a34fee-531f-494a-9687-ffa22a52cd3d","N/A","No","Yes","Never synced","N/A","ORPHANED - In Autopilot only","notContacted","None","N/A","N/A","N/A","N/A","N/A","N/A","N/A","notContacted","NO4505476319_2000linfje","SAFE TO REMOVE - Device never enrolled or already retired from Intune"
"Not in Intune","5CD5398QNG","HP EliteBook 660 16 inch G11 Notebook PC","HP","53a661d3-09d6-4ac9-a41d-0bf64ec6fdd0","N/A","No","Yes","Never synced","N/A","ORPHANED - In Autopilot only","notContacted","None","N/A","N/A","N/A","N/A","N/A","N/A","N/A","notContacted","NO4505476299_2000linfje","SAFE TO REMOVE - Device never enrolled or already retired from Intune"
"Not in Intune","5CD5398QNH","HP EliteBook 660 16 inch G11 Notebook PC","HP","96e3d56c-b0a6-4f5a-b65b-142e9502fe0f","N/A","No","Yes","Never synced","N/A","ORPHANED - In Autopilot only","notContacted","None","N/A","N/A","N/A","N/A","N/A","N/A","N/A","notContacted","NO4505476299_2000linfje","SAFE TO REMOVE - Device never enrolled or already retired from Intune"
"Not in Intune","5CD5398QNJ","HP EliteBook 660 16 inch G11 Notebook PC","HP","510249de-52e8-465f-bd61-7dd71406a945","N/A","No","Yes","Never synced","N/A","ORPHANED - In Autopilot only","notContacted","None","N/A","N/A","N/A","N/A","N/A","N/A","N/A","notContacted","NO4505476299_2000linfje","SAFE TO REMOVE - Device never enrolled or already retired from Intune"
"Not in Intune","5CD5398QNK","HP EliteBook 660 16 inch G11 Notebook PC","HP","ae9328aa-88b8-4b33-aac4-a5cc698b2e65","N/A","No","Yes","Never synced","N/A","ORPHANED - In Autopilot only","notContacted","None","N/A","N/A","N/A","N/A","N/A","N/A","N/A","notContacted","NO4505476299_2000linfje","SAFE TO REMOVE - Device never enrolled or already retired from Intune"
"Not in Intune","5CD5398QNL","HP EliteBook 660 16 inch G11 Notebook PC","HP","a678153f-f976-4d50-99bb-a441d5bba9a6","N/A","No","Yes","Never synced","N/A","ORPHANED - In Autopilot only","notContacted","None","N/A","N/A","N/A","N/A","N/A","N/A","N/A","notContacted","NO4505476299_2000linfje","SAFE TO REMOVE - Device never enrolled or already retired from Intune"
"Not in Intune","5CD5398QNM","HP EliteBook 660 16 inch G11 Notebook PC","HP","c9d2bf43-7601-485d-8163-a510f61509d7","N/A","No","Yes","Never synced","N/A","ORPHANED - In Autopilot only","notContacted","None","N/A","N/A","N/A","N/A","N/A","N/A","N/A","notContacted","NO4505476299_2000linfje","SAFE TO REMOVE - Device never enrolled or already retired from Intune"
"Not in Intune","5CD5398QNN","HP EliteBook 660 16 inch G11 Notebook PC","HP","b3cb9c89-f906-49d7-bd16-b7ebe77272e9","N/A","No","Yes","Never synced","N/A","ORPHANED - In Autopilot only","notContacted","None","N/A","N/A","N/A","N/A","N/A","N/A","N/A","notContacted","NO4505476299_2000linfje","SAFE TO REMOVE - Device never enrolled or already retired from Intune"
"Not in Intune","5CD5398QNP","HP EliteBook 660 16 inch G11 Notebook PC","HP","ad7c4519-9421-4870-884a-d29ef857d533","N/A","No","Yes","Never synced","N/A","ORPHANED - In Autopilot only","notContacted","None","N/A","N/A","N/A","N/A","N/A","N/A","N/A","notContacted","NO4505476299_2000linfje","SAFE TO REMOVE - Device never enrolled or already retired from Intune"
"Not in Intune","5CD5398QNQ","HP EliteBook 660 16 inch G11 Notebook PC","HP","88ecf506-fd90-4fc8-b9b6-510d56e15bd3","N/A","No","Yes","Never synced","N/A","ORPHANED - In Autopilot only","notContacted","None","N/A","N/A","N/A","N/A","N/A","N/A","N/A","notContacted","NO4505476299_2000linfje","SAFE TO REMOVE - Device never enrolled or already retired from Intune"
"Not in Intune","5CD5398QNR","HP EliteBook 660 16 inch G11 Notebook PC","HP","c6961025-acff-4cd3-9b73-029b1c14c37f","N/A","No","Yes","Never synced","N/A","ORPHANED - In Autopilot only","notContacted","None","N/A","N/A","N/A","N/A","N/A","N/A","N/A","notContacted","NO4505476299_2000linfje","SAFE TO REMOVE - Device never enrolled or already retired from Intune"
"Not in Intune","5CD5398QNS","HP EliteBook 660 16 inch G11 Notebook PC","HP","8c94a5d9-cc13-47be-ae6b-76351bc15544","N/A","No","Yes","Never synced","N/A","ORPHANED - In Autopilot only","notContacted","None","N/A","N/A","N/A","N/A","N/A","N/A","N/A","notContacted","NO4505476299_2000linfje","SAFE TO REMOVE - Device never enrolled or already retired from Intune"
"Not in Intune","5CD5398QNT","HP EliteBook 660 16 inch G11 Notebook PC","HP","f2683804-286b-4029-860b-87f0b584741e","N/A","No","Yes","Never synced","N/A","ORPHANED - In Autopilot only","notContacted","None","N/A","N/A","N/A","N/A","N/A","N/A","N/A","notContacted","NO4505476299_2000linfje","SAFE TO REMOVE - Device never enrolled or already retired from Intune"
"Not in Intune","5CD5398QNV","HP EliteBook 660 16 inch G11 Notebook PC","HP","e565bf30-a16c-4d5d-a413-4fd7e1fe3d26","N/A","No","Yes","Never synced","N/A","ORPHANED - In Autopilot only","notContacted","None","N/A","N/A","N/A","N/A","N/A","N/A","N/A","notContacted","NO4505476299_2000linfje","SAFE TO REMOVE - Device never enrolled or already retired from Intune"
"Not in Intune","5CD5398QNW","HP EliteBook 660 16 inch G11 Notebook PC","HP","e89e69d9-9075-410d-87d8-d01123b90e33","N/A","No","Yes","Never synced","N/A","ORPHANED - In Autopilot only","notContacted","None","N/A","N/A","N/A","N/A","N/A","N/A","N/A","notContacted","NO4505476299_2000linfje","SAFE TO REMOVE - Device never enrolled or already retired from Intune"
"Not in Intune","5CD5398QNX","HP EliteBook 660 16 inch G11 Notebook PC","HP","3faba312-4223-496b-9c07-41118d44692e","N/A","No","Yes","Never synced","N/A","ORPHANED - In Autopilot only","notContacted","None","N/A","N/A","N/A","N/A","N/A","N/A","N/A","notContacted","NO4505476299_2000linfje","SAFE TO REMOVE - Device never enrolled or already retired from Intune"
"Not in Intune","5CD5398QNY","HP EliteBook 660 16 inch G11 Notebook PC","HP","a009b555-15f5-44b2-b824-c17a24582b79","N/A","No","Yes","Never synced","N/A","ORPHANED - In Autopilot only","notContacted","None","N/A","N/A","N/A","N/A","N/A","N/A","N/A","notContacted","NO4505476299_2000linfje","SAFE TO REMOVE - Device never enrolled or already retired from Intune"
"Not in Intune","5CD5398QNZ","HP EliteBook 660 16 inch G11 Notebook PC","HP","4a5a3ca9-2f7c-4c8d-acf9-f66602c5bcfe","N/A","No","Yes","Never synced","N/A","ORPHANED - In Autopilot only","notContacted","None","N/A","N/A","N/A","N/A","N/A","N/A","N/A","notContacted","NO4505476299_2000linfje","SAFE TO REMOVE - Device never enrolled or already retired from Intune"
"Not in Intune","5CG0174QKS","HP ProBook x360 11 G5 EE","HP","4a971b24-688e-4a15-b54a-7c3509e87cd0","N/A","No","Yes","Never synced","N/A","ORPHANED - In Autopilot only","notContacted","None","N/A","N/A","N/A","N/A","N/A","N/A","N/A","notContacted","NO108190b5eCSV-1","SAFE TO REMOVE - Device never enrolled or already retired from Intune"
"Not in Intune","5CG1115GLQ","HP ProBook x360 11 G7 Education Edition","HP","3b08f075-f14a-4134-b81a-368687264a7b","N/A","No","Yes","Never synced","N/A","ORPHANED - In Autopilot only","notContacted","None","N/A","N/A","N/A","N/A","N/A","N/A","N/A","notContacted","NOb4d1c0371CSV-1_2596947 4504105","SAFE TO REMOVE - Device never enrolled or already retired from Intune"
"Not in Intune","5CG1115GLR","HP ProBook x360 11 G7 Education Edition","HP","3de382f4-37e0-43f2-b270-95112dcf8206","N/A","No","Yes","Never synced","N/A","ORPHANED - In Autopilot only","notContacted","None","N/A","N/A","N/A","N/A","N/A","N/A","N/A","notContacted","NOb4d1c0371CSV-1_2596947 4504105","SAFE TO REMOVE - Device never enrolled or already retired from Intune"
"Not in Intune","5CG1115GW5","HP ProBook x360 11 G7 Education Edition","HP","9349724f-79e4-412b-acc0-5f0296def7cd","N/A","No","Yes","Never synced","N/A","ORPHANED - In Autopilot only","notContacted","None","N/A","N/A","N/A","N/A","N/A","N/A","N/A","notContacted","NOb4d1c0371CSV-1_2596947 4504105","SAFE TO REMOVE - Device never enrolled or already retired from Intune"
"Not in Intune","5CG1115GWD","HP ProBook x360 11 G7 Education Edition","HP","4c6208bf-e9f5-4f10-9ce2-b99286eef63e","N/A","No","Yes","Never synced","N/A","ORPHANED - In Autopilot only","notContacted","None","N/A","N/A","N/A","N/A","N/A","N/A","N/A","notContacted","NOb4d1c0371CSV-1_2596947 4504105","SAFE TO REMOVE - Device never enrolled or already retired from Intune"
"Not in Intune","5CG1115GWM","HP ProBook x360 11 G7 Education Edition","HP","4901ad72-1133-4e63-b560-03d699a32f71","N/A","No","Yes","Never synced","N/A","ORPHANED - In Autopilot only","notContacted","None","N/A","N/A","N/A","N/A","N/A","N/A","N/A","notContacted","NOb4d1c0371CSV-1_2596947 4504105","SAFE TO REMOVE - Device never enrolled or already retired from Intune"
"Not in Intune","5CG1115GWS","HP ProBook x360 11 G7 Education Edition","HP","736c64c9-87ef-4015-a4ab-69d761da6093","N/A","No","Yes","Never synced","N/A","ORPHANED - In Autopilot only","notContacted","None","N/A","N/A","N/A","N/A","N/A","N/A","N/A","notContacted","NOb4d1c0371CSV-1_2596947 4504105","SAFE TO REMOVE - Device never enrolled or already retired from Intune"
"Not in Intune","5CG1115GZ6","HP ProBook x360 11 G7 Education Edition","HP","e3b6a19c-7119-4764-b8da-57674caef884","N/A","No","Yes","Never synced","N/A","ORPHANED - In Autopilot only","notContacted","None","N/A","N/A","N/A","N/A","N/A","N/A","N/A","notContacted","","SAFE TO REMOVE - Device never enrolled or already retired from Intune"
"Not in Intune","5CG1115GZY","HP ProBook x360 11 G7 Education Edition","HP","0262c6bb-1958-4b4a-bb78-0540fa6f18fb","N/A","No","Yes","Never synced","N/A","ORPHANED - In Autopilot only","notContacted","None","N/A","N/A","N/A","N/A","N/A","N/A","N/A","notContacted","NOb4d1c0371CSV-1_2596947 4504105","SAFE TO REMOVE - Device never enrolled or already retired from Intune"
"Not in Intune","5CG1115H03","HP ProBook x360 11 G7 Education Edition","HP","3e73d04c-5ceb-4e76-8677-f78045356133","N/A","No","Yes","Never synced","N/A","ORPHANED - In Autopilot only","notContacted","None","N/A","N/A","N/A","N/A","N/A","N/A","N/A","notContacted","NOb4d1c0371CSV-1_2596947 4504105","SAFE TO REMOVE - Device never enrolled or already retired from Intune"
"Not in Intune","5CG1115H5C","HP ProBook x360 11 G7 Education Edition","HP","7aa3b3f3-841d-4b06-a835-660f49baab11","N/A","No","Yes","Never synced","N/A","ORPHANED - In Autopilot only","notContacted","None","N/A","N/A","N/A","N/A","N/A","N/A","N/A","notContacted","NOb4d1c0371CSV-1_2596947 4504105","SAFE TO REMOVE - Device never enrolled or already retired from Intune"
"Not in Intune","5CG1115H62","HP ProBook x360 11 G7 Education Edition","HP","e4e0e55b-922c-42e2-9ad3-2c07497d5dea","N/A","No","Yes","Never synced","N/A","ORPHANED - In Autopilot only","notContacted","None","N/A","N/A","N/A","N/A","N/A","N/A","N/A","notContacted","NOb4d1c0371CSV-1_2596947 4504105","SAFE TO REMOVE - Device never enrolled or already retired from Intune"
"Not in Intune","5CG1115H6S","HP ProBook x360 11 G7 Education Edition","HP","1e6150cb-1df6-4cb9-be99-fe434de11b05","N/A","No","Yes","Never synced","N/A","ORPHANED - In Autopilot only","notContacted","None","N/A","N/A","N/A","N/A","N/A","N/A","N/A","notContacted","NOb4d1c0371CSV-1_2596947 4504105","SAFE TO REMOVE - Device never enrolled or already retired from Intune"
"Not in Intune","5CG1115LGT","HP ProBook x360 11 G7 Education Edition","HP","6856375a-1bc6-4679-ad32-74619a76874f","N/A","No","Yes","Never synced","N/A","ORPHANED - In Autopilot only","notContacted","None","N/A","N/A","N/A","N/A","N/A","N/A","N/A","notContacted","NOb4d1c0371CSV-1_2596947 4504105","SAFE TO REMOVE - Device never enrolled or already retired from Intune"
"Not in Intune","5CG1115MDH","HP ProBook x360 11 G7 Education Edition","HP","d015091d-9c47-4ed6-b8b0-604f7f4568f9","N/A","No","Yes","Never synced","N/A","ORPHANED - In Autopilot only","notContacted","None","N/A","N/A","N/A","N/A","N/A","N/A","N/A","notContacted","NOb4d1c0371CSV-1_2596947 4504105","SAFE TO REMOVE - Device never enrolled or already retired from Intune"
"Not in Intune","5CG1115MFF","HP ProBook x360 11 G7 Education Edition","HP","4d311377-b6b8-455d-8685-720697e3f3cf","N/A","No","Yes","Never synced","N/A","ORPHANED - In Autopilot only","notContacted","None","N/A","N/A","N/A","N/A","N/A","N/A","N/A","notContacted","NOb4d1c0371CSV-1_2596947 4504105","SAFE TO REMOVE - Device never enrolled or already retired from Intune"
"Not in Intune","5CG1115MFJ","HP ProBook x360 11 G7 Education Edition","HP","71023874-05db-439e-a518-002c7fe30cbe","N/A","No","Yes","Never synced","N/A","ORPHANED - In Autopilot only","notContacted","None","N/A","N/A","N/A","N/A","N/A","N/A","N/A","notContacted","NOb4d1c0371CSV-1_2596947 4504105","SAFE TO REMOVE - Device never enrolled or already retired from Intune"
"Not in Intune","5CG1115MFM","HP ProBook x360 11 G7 Education Edition","HP","d134cb79-ced9-4373-b5ac-dfd0d9f8cbd9","N/A","No","Yes","Never synced","N/A","ORPHANED - In Autopilot only","notContacted","None","N/A","N/A","N/A","N/A","N/A","N/A","N/A","notContacted","NOb4d1c0371CSV-1_2596947 4504105","SAFE TO REMOVE - Device never enrolled or already retired from Intune"
"Not in Intune","5CG1115N0G","HP ProBook x360 11 G7 Education Edition","HP","699df2e3-db11-42ea-982f-f78bc6b8c245","N/A","No","Yes","Never synced","N/A","ORPHANED - In Autopilot only","notContacted","None","N/A","N/A","N/A","N/A","N/A","N/A","N/A","notContacted","NOb4d1c0371CSV-1_2596947 4504105","SAFE TO REMOVE - Device never enrolled or already retired from Intune"
"Not in Intune","5CG1115N6R","HP ProBook x360 11 G7 Education Edition","HP","395839a6-06d3-4070-ae7a-9154e4c7805e","N/A","No","Yes","Never synced","N/A","ORPHANED - In Autopilot only","notContacted","None","N/A","N/A","N/A","N/A","N/A","N/A","N/A","notContacted","NOb4d1c0371CSV-1_2596947 4504105","SAFE TO REMOVE - Device never enrolled or already retired from Intune"
"Not in Intune","5CG1115N6W","HP ProBook x360 11 G7 Education Edition","HP","e33e0674-0f8f-4939-9a25-21cb3f6bf600","N/A","No","Yes","Never synced","N/A","ORPHANED - In Autopilot only","notContacted","None","N/A","N/A","N/A","N/A","N/A","N/A","N/A","notContacted","NOb4d1c0371CSV-1_2596947 4504105","SAFE TO REMOVE - Device never enrolled or already retired from Intune"
"Not in Intune","5CG1115N73","HP ProBook x360 11 G7 Education Edition","HP","ccaec894-faf7-4fb5-8685-f99c9bfde35b","N/A","No","Yes","Never synced","N/A","ORPHANED - In Autopilot only","notContacted","None","N/A","N/A","N/A","N/A","N/A","N/A","N/A","notContacted","NOb4d1c0371CSV-1_2596947 4504105","SAFE TO REMOVE - Device never enrolled or already retired from Intune"
"Not in Intune","5CG1115NB9","HP ProBook x360 11 G7 Education Edition","HP","754e336a-bf54-431c-a113-4c21751ef919","N/A","No","Yes","Never synced","N/A","ORPHANED - In Autopilot only","notContacted","None","N/A","N/A","N/A","N/A","N/A","N/A","N/A","notContacted","","SAFE TO REMOVE - Device never enrolled or already retired from Intune"
"Not in Intune","5CG1115NLJ","HP ProBook x360 11 G7 Education Edition","HP","a9fb3063-b749-4d59-b3ec-49c0ac9b8db2","N/A","No","Yes","Never synced","N/A","ORPHANED - In Autopilot only","notContacted","None","N/A","N/A","N/A","N/A","N/A","N/A","N/A","notContacted","NOb4d1c0371CSV-1_2596947 4504105","SAFE TO REMOVE - Device never enrolled or already retired from Intune"
"Not in Intune","5CG1115NM5","HP ProBook x360 11 G7 Education Edition","HP","0da0d363-0522-419c-8ff7-7ed8b38d5fd3","N/A","No","Yes","Never synced","N/A","ORPHANED - In Autopilot only","notContacted","None","N/A","N/A","N/A","N/A","N/A","N/A","N/A","notContacted","NOb4d1c0371CSV-1_2596947 4504105","SAFE TO REMOVE - Device never enrolled or already retired from Intune"
"Not in Intune","5CG1115NR9","HP ProBook x360 11 G7 Education Edition","HP","dd4530b3-8593-41ea-a023-401dbe977634","N/A","No","Yes","Never synced","N/A","ORPHANED - In Autopilot only","notContacted","None","N/A","N/A","N/A","N/A","N/A","N/A","N/A","notContacted","NOb4d1c0371CSV-1_2596947 4504105","SAFE TO REMOVE - Device never enrolled or already retired from Intune"
"Not in Intune","5CG1170QNW","HP 470 G7 Notebook PC","HP","d300d669-9378-4228-9710-b271b2f88d49","N/A","No","Yes","Never synced","N/A","ORPHANED - In Autopilot only","notContacted","None","N/A","N/A","N/A","N/A","N/A","N/A","N/A","notContacted","NO4504171447-2_3100MKTOHL","SAFE TO REMOVE - Device never enrolled or already retired from Intune"
"Not in Intune","5CG1173F39","HP ProBook x360 11 G7 Education Edition","HP","5ec76799-7ac1-4848-8448-3af49e3487a0","N/A","No","Yes","Never synced","N/A","ORPHANED - In Autopilot only","notContacted","None","N/A","N/A","N/A","N/A","N/A","N/A","N/A","notContacted","NO4504128407-1_2110annkva","SAFE TO REMOVE - Device never enrolled or already retired from Intune"
"Not in Intune","5CG12540T9","HP ProBook x360 11 G7 Education Edition","HP","78d75c4c-3edc-4a88-aae9-8351bc183f59","N/A","No","Yes","Never synced","N/A","ORPHANED - In Autopilot only","notContacted","None","N/A","N/A","N/A","N/A","N/A","N/A","N/A","notContacted","Elevmaskin uten tag ved bestilling","SAFE TO REMOVE - Device never enrolled or already retired from Intune"
"Not in Intune","5CG12885YV","HP ProBook x360 11 G7 Education Edition","HP","c9748d13-01fc-4eb2-9cd5-978a30dd6960","N/A","No","Yes","Never synced","N/A","ORPHANED - In Autopilot only","notContacted","None","N/A","N/A","N/A","N/A","N/A","N/A","N/A","notContacted","","SAFE TO REMOVE - Device never enrolled or already retired from Intune"
"Not in Intune","5CG210B3KH","HP EliteBook 830 G8 Notebook PC","HP","2dc8d6ec-3339-43c8-acff-9b9eb0a66ffc","N/A","No","Yes","Never synced","N/A","ORPHANED - In Autopilot only","notContacted","None","N/A","N/A","N/A","N/A","N/A","N/A","N/A","notContacted","NO4504705431-1_3632bodjoh","SAFE TO REMOVE - Device never enrolled or already retired from Intune"
"Not in Intune","5CG2111L62","HP EliteBook 850 G8 Notebook PC","HP","6f7f44d2-17d4-4a81-b33d-277429fe7b4f","N/A","No","Yes","Never synced","N/A","ORPHANED - In Autopilot only","notContacted","None","N/A","N/A","N/A","N/A","N/A","N/A","N/A","notContacted","ESP FOR ANSATTE","SAFE TO REMOVE - Device never enrolled or already retired from Intune"
"Not in Intune","5CG2293SDK","HP ProBook x360 11 G7 Education Edition","HP","1e2a163b-429d-4940-a538-433bedb3d662","N/A","No","Yes","Never synced","N/A","ORPHANED - In Autopilot only","notContacted","None","N/A","N/A","N/A","N/A","N/A","N/A","N/A","notContacted","NO4504428619-1_AmundSkuterud","SAFE TO REMOVE - Device never enrolled or already retired from Intune"
"Not in Intune","5CG2293SDP","HP ProBook x360 11 G7 Education Edition","HP","98604fc5-d972-4533-8e94-8b3fcce2cd94","N/A","No","Yes","Never synced","N/A","ORPHANED - In Autopilot only","notContacted","None","N/A","N/A","N/A","N/A","N/A","N/A","N/A","notContacted","NO4504428619-1_AmundSkuterud","SAFE TO REMOVE - Device never enrolled or already retired from Intune"
"Not in Intune","5CG2293SDR","HP ProBook x360 11 G7 Education Edition","HP","c4d19b13-2a14-4a10-a50a-5a1fff63a94f","N/A","No","Yes","Never synced","N/A","ORPHANED - In Autopilot only","notContacted","None","N/A","N/A","N/A","N/A","N/A","N/A","N/A","notContacted","NO4504428619-1_AmundSkuterud","SAFE TO REMOVE - Device never enrolled or already retired from Intune"
"Not in Intune","5CG2293SFL","HP ProBook x360 11 G7 Education Edition","HP","c61b6197-8362-4eb2-92e5-430351717b60","N/A","No","Yes","Never synced","N/A","ORPHANED - In Autopilot only","notContacted","None","N/A","N/A","N/A","N/A","N/A","N/A","N/A","notContacted","NO4504428619-1_AmundSkuterud","SAFE TO REMOVE - Device never enrolled or already retired from Intune"
"Not in Intune","5CG2293SG0","HP ProBook x360 11 G7 Education Edition","HP","4f0037c0-e593-423c-9269-a1e47d3d7591","N/A","No","Yes","Never synced","N/A","ORPHANED - In Autopilot only","notContacted","None","N/A","N/A","N/A","N/A","N/A","N/A","N/A","notContacted","NO4504428619-1_AmundSkuterud","SAFE TO REMOVE - Device never enrolled or already retired from Intune"
"Not in Intune","5CG2293SKC","HP ProBook x360 11 G7 Education Edition","HP","b16bd999-5bab-4408-97b1-15b38d787d37","N/A","No","Yes","Never synced","N/A","ORPHANED - In Autopilot only","notContacted","None","N/A","N/A","N/A","N/A","N/A","N/A","N/A","notContacted","NO4504428619-1_AmundSkuterud","SAFE TO REMOVE - Device never enrolled or already retired from Intune"
"Not in Intune","5CG2293SKD","HP ProBook x360 11 G7 Education Edition","HP","0aa53b42-fda2-4974-95a9-b4b447dae450","N/A","No","Yes","Never synced","N/A","ORPHANED - In Autopilot only","notContacted","None","N/A","N/A","N/A","N/A","N/A","N/A","N/A","notContacted","NO4504428619-1_AmundSkuterud","SAFE TO REMOVE - Device never enrolled or already retired from Intune"
"Not in Intune","5CG2293SKF","HP ProBook x360 11 G7 Education Edition","HP","9254c887-c9be-45ef-94b1-b5a54a045041","N/A","No","Yes","Never synced","N/A","ORPHANED - In Autopilot only","notContacted","None","N/A","N/A","N/A","N/A","N/A","N/A","N/A","notContacted","NO4504428619-1_AmundSkuterud","SAFE TO REMOVE - Device never enrolled or already retired from Intune"
"Not in Intune","5CG2293SKJ","HP ProBook x360 11 G7 Education Edition","HP","7a362d6a-2d46-4e1a-9a49-a99e01b94788","N/A","No","Yes","Never synced","N/A","ORPHANED - In Autopilot only","notContacted","None","N/A","N/A","N/A","N/A","N/A","N/A","N/A","notContacted","NO4504428619-1_AmundSkuterud","SAFE TO REMOVE - Device never enrolled or already retired from Intune"
"Not in Intune","5CG2293SKK","HP ProBook x360 11 G7 Education Edition","HP","abb80357-0288-4482-8092-7acbac82d67f","N/A","No","Yes","Never synced","N/A","ORPHANED - In Autopilot only","notContacted","None","N/A","N/A","N/A","N/A","N/A","N/A","N/A","notContacted","NO4504428619-1_AmundSkuterud","SAFE TO REMOVE - Device never enrolled or already retired from Intune"
"Not in Intune","5CG2293SKR","HP ProBook x360 11 G7 Education Edition","HP","a10421ba-1986-4623-9fb1-db95ff9b327b","N/A","No","Yes","Never synced","N/A","ORPHANED - In Autopilot only","notContacted","None","N/A","N/A","N/A","N/A","N/A","N/A","N/A","notContacted","NO4504428619-1_AmundSkuterud","SAFE TO REMOVE - Device never enrolled or already retired from Intune"
"Not in Intune","5CG2293SKZ","HP ProBook x360 11 G7 Education Edition","HP","cc1241e3-5133-48e3-b2be-27e2ea1763bd","N/A","No","Yes","Never synced","N/A","ORPHANED - In Autopilot only","notContacted","None","N/A","N/A","N/A","N/A","N/A","N/A","N/A","notContacted","NO4504428619-1_AmundSkuterud","SAFE TO REMOVE - Device never enrolled or already retired from Intune"
"Not in Intune","5CG2293SL1","HP ProBook x360 11 G7 Education Edition","HP","9a558ca4-34a8-439a-b8fb-4b05d94af75a","N/A","No","Yes","Never synced","N/A","ORPHANED - In Autopilot only","notContacted","None","N/A","N/A","N/A","N/A","N/A","N/A","N/A","notContacted","NO4504428619-1_AmundSkuterud","SAFE TO REMOVE - Device never enrolled or already retired from Intune"
"Not in Intune","5CG2293SLC","HP ProBook x360 11 G7 Education Edition","HP","f1925f92-d7aa-449d-8416-5cc4bb227cab","N/A","No","Yes","Never synced","N/A","ORPHANED - In Autopilot only","notContacted","None","N/A","N/A","N/A","N/A","N/A","N/A","N/A","notContacted","NO4504428619-1_AmundSkuterud","SAFE TO REMOVE - Device never enrolled or already retired from Intune"
"Not in Intune","5CG2293SP7","HP ProBook x360 11 G7 Education Edition","HP","60efbbf3-1eb0-46af-babd-37c536d478e6","N/A","No","Yes","Never synced","N/A","ORPHANED - In Autopilot only","notContacted","None","N/A","N/A","N/A","N/A","N/A","N/A","N/A","notContacted","NO4504428619-1_AmundSkuterud","SAFE TO REMOVE - Device never enrolled or already retired from Intune"
"Not in Intune","5CG2293SPN","HP ProBook x360 11 G7 Education Edition","HP","49b446bf-8921-40e1-9f30-0eea45bead2b","N/A","No","Yes","Never synced","N/A","ORPHANED - In Autopilot only","notContacted","None","N/A","N/A","N/A","N/A","N/A","N/A","N/A","notContacted","NO4504428619-1_AmundSkuterud","SAFE TO REMOVE - Device never enrolled or already retired from Intune"
"Not in Intune","5CG2293SPV","HP ProBook x360 11 G7 Education Edition","HP","8162b1ea-fa4b-4eb3-b4e3-6d70ec07b1f3","N/A","No","Yes","Never synced","N/A","ORPHANED - In Autopilot only","notContacted","None","N/A","N/A","N/A","N/A","N/A","N/A","N/A","notContacted","NO4504428619-1_AmundSkuterud","SAFE TO REMOVE - Device never enrolled or already retired from Intune"
"Not in Intune","5CG2293SQ0","HP ProBook x360 11 G7 Education Edition","HP","d98fa90d-aa15-4d89-995c-0bddd4747cc8","N/A","No","Yes","Never synced","N/A","ORPHANED - In Autopilot only","notContacted","None","N/A","N/A","N/A","N/A","N/A","N/A","N/A","notContacted","NO4504428619-1_AmundSkuterud","SAFE TO REMOVE - Device never enrolled or already retired from Intune"
"Not in Intune","5CG2293SQP","HP ProBook x360 11 G7 Education Edition","HP","060b2d61-d65a-4230-b6b0-80c464d801d8","N/A","No","Yes","Never synced","N/A","ORPHANED - In Autopilot only","notContacted","None","N/A","N/A","N/A","N/A","N/A","N/A","N/A","notContacted","NO4504428619-1_AmundSkuterud","SAFE TO REMOVE - Device never enrolled or already retired from Intune"
"Not in Intune","5CG2293STH","HP ProBook x360 11 G7 Education Edition","HP","eee70a99-8df3-4823-add5-1afcadbc9b8a","N/A","No","Yes","Never synced","N/A","ORPHANED - In Autopilot only","notContacted","None","N/A","N/A","N/A","N/A","N/A","N/A","N/A","notContacted","NO4504428619-1_AmundSkuterud","SAFE TO REMOVE - Device never enrolled or already retired from Intune"
"Not in Intune","5CG2293STR","HP ProBook x360 11 G7 Education Edition","HP","05d51468-19aa-43b0-a850-64b07b745891","N/A","No","Yes","Never synced","N/A","ORPHANED - In Autopilot only","notContacted","None","N/A","N/A","N/A","N/A","N/A","N/A","N/A","notContacted","NO4504428619-1_AmundSkuterud","SAFE TO REMOVE - Device never enrolled or already retired from Intune"
"Not in Intune","5CG2293STX","HP ProBook x360 11 G7 Education Edition","HP","ab20aabf-6503-4000-8042-d21b67041c55","N/A","No","Yes","Never synced","N/A","ORPHANED - In Autopilot only","notContacted","None","N/A","N/A","N/A","N/A","N/A","N/A","N/A","notContacted","NO4504428619-1_AmundSkuterud","SAFE TO REMOVE - Device never enrolled or already retired from Intune"
"Not in Intune","5CG2293SWT","HP ProBook x360 11 G7 Education Edition","HP","44a6d801-b060-4e3e-a930-1afdeaa6fb7d","N/A","No","Yes","Never synced","N/A","ORPHANED - In Autopilot only","notContacted","None","N/A","N/A","N/A","N/A","N/A","N/A","N/A","notContacted","NO4504428619-1_AmundSkuterud","SAFE TO REMOVE - Device never enrolled or already retired from Intune"
"Not in Intune","5CG2293SX3","HP ProBook x360 11 G7 Education Edition","HP","634e2b86-305a-4ade-93d2-926fc683f718","N/A","No","Yes","Never synced","N/A","ORPHANED - In Autopilot only","notContacted","None","N/A","N/A","N/A","N/A","N/A","N/A","N/A","notContacted","NO4504428619-1_AmundSkuterud","SAFE TO REMOVE - Device never enrolled or already retired from Intune"
"Not in Intune","5CG2293SX8","HP ProBook x360 11 G7 Education Edition","HP","b5b0f626-deae-4caa-9071-92c58fd18c8c","N/A","No","Yes","Never synced","N/A","ORPHANED - In Autopilot only","notContacted","None","N/A","N/A","N/A","N/A","N/A","N/A","N/A","notContacted","NO4504428619-1_AmundSkuterud","SAFE TO REMOVE - Device never enrolled or already retired from Intune"
"Not in Intune","5CG2293SXP","HP ProBook x360 11 G7 Education Edition","HP","9a534bce-c226-4da1-ad07-65eb1489f931","N/A","No","Yes","Never synced","N/A","ORPHANED - In Autopilot only","notContacted","None","N/A","N/A","N/A","N/A","N/A","N/A","N/A","notContacted","NO4504428619-1_AmundSkuterud","SAFE TO REMOVE - Device never enrolled or already retired from Intune"
"Not in Intune","5CG2293SXQ","HP ProBook x360 11 G7 Education Edition","HP","a2971076-8bc8-4d00-9677-01d066fd884c","N/A","No","Yes","Never synced","N/A","ORPHANED - In Autopilot only","notContacted","None","N/A","N/A","N/A","N/A","N/A","N/A","N/A","notContacted","NO4504428619-1_AmundSkuterud","SAFE TO REMOVE - Device never enrolled or already retired from Intune"
"Not in Intune","5CG2293SXV","HP ProBook x360 11 G7 Education Edition","HP","6d1d2aca-87df-46d8-80b3-f4e9705423c6","N/A","No","Yes","Never synced","N/A","ORPHANED - In Autopilot only","notContacted","None","N/A","N/A","N/A","N/A","N/A","N/A","N/A","notContacted","NO4504428619-1_AmundSkuterud","SAFE TO REMOVE - Device never enrolled or already retired from Intune"
"Not in Intune","5CG2293SXY","HP ProBook x360 11 G7 Education Edition","HP","85a878bf-5664-4b0a-9373-4e0b777be3b3","N/A","No","Yes","Never synced","N/A","ORPHANED - In Autopilot only","notContacted","None","N/A","N/A","N/A","N/A","N/A","N/A","N/A","notContacted","NO4504428619-1_AmundSkuterud","SAFE TO REMOVE - Device never enrolled or already retired from Intune"
"Not in Intune","5CG2293T1F","HP ProBook x360 11 G7 Education Edition","HP","04aa2e4c-0bbf-44d6-8ed3-6c3cee971cd4","N/A","No","Yes","Never synced","N/A","ORPHANED - In Autopilot only","notContacted","None","N/A","N/A","N/A","N/A","N/A","N/A","N/A","notContacted","NO4504428619-1_AmundSkuterud","SAFE TO REMOVE - Device never enrolled or already retired from Intune"
"Not in Intune","5CG2293T1S","HP ProBook x360 11 G7 Education Edition","HP","e94e16e7-2653-4eef-8962-d27af031232e","N/A","No","Yes","Never synced","N/A","ORPHANED - In Autopilot only","notContacted","None","N/A","N/A","N/A","N/A","N/A","N/A","N/A","notContacted","NO4504428619-1_AmundSkuterud","SAFE TO REMOVE - Device never enrolled or already retired from Intune"
"Not in Intune","5CG2293T1Z","HP ProBook x360 11 G7 Education Edition","HP","c56e7891-1ef5-4954-80cb-62fa8d0d923b","N/A","No","Yes","Never synced","N/A","ORPHANED - In Autopilot only","notContacted","None","N/A","N/A","N/A","N/A","N/A","N/A","N/A","notContacted","","SAFE TO REMOVE - Device never enrolled or already retired from Intune"
"Not in Intune","5CG2293T26","HP ProBook x360 11 G7 Education Edition","HP","4835e38f-0646-482b-9268-35bc46ca04bc","N/A","No","Yes","Never synced","N/A","ORPHANED - In Autopilot only","notContacted","None","N/A","N/A","N/A","N/A","N/A","N/A","N/A","notContacted","NO4504428619-1_AmundSkuterud","SAFE TO REMOVE - Device never enrolled or already retired from Intune"
"Not in Intune","5CG2293T2J","HP ProBook x360 11 G7 Education Edition","HP","41ecbefa-b909-4e66-85b1-696d2380d6e9","N/A","No","Yes","Never synced","N/A","ORPHANED - In Autopilot only","notContacted","None","N/A","N/A","N/A","N/A","N/A","N/A","N/A","notContacted","NO4504428619-1_AmundSkuterud","SAFE TO REMOVE - Device never enrolled or already retired from Intune"
"Not in Intune","5CG2293T2P","HP ProBook x360 11 G7 Education Edition","HP","10d8ef88-2283-4ede-9812-447be4fc51a3","N/A","No","Yes","Never synced","N/A","ORPHANED - In Autopilot only","notContacted","None","N/A","N/A","N/A","N/A","N/A","N/A","N/A","notContacted","NO4504428619-1_AmundSkuterud","SAFE TO REMOVE - Device never enrolled or already retired from Intune"
"Not in Intune","5CG2293T2S","HP ProBook x360 11 G7 Education Edition","HP","f4ddd253-7a76-4830-a786-ae6bbca4902a","N/A","No","Yes","Never synced","N/A","ORPHANED - In Autopilot only","notContacted","None","N/A","N/A","N/A","N/A","N/A","N/A","N/A","notContacted","NO4504428619-1_AmundSkuterud","SAFE TO REMOVE - Device never enrolled or already retired from Intune"
"Not in Intune","5CG2293T2T","HP ProBook x360 11 G7 Education Edition","HP","3d6de8b2-5750-45c4-9118-a94cbb13bd87","N/A","No","Yes","Never synced","N/A","ORPHANED - In Autopilot only","notContacted","None","N/A","N/A","N/A","N/A","N/A","N/A","N/A","notContacted","NO4504428619-1_AmundSkuterud","SAFE TO REMOVE - Device never enrolled or already retired from Intune"
"Not in Intune","5CG2293T2W","HP ProBook x360 11 G7 Education Edition","HP","808d9d3e-2498-4d5c-8488-a5caaf96444d","N/A","No","Yes","Never synced","N/A","ORPHANED - In Autopilot only","notContacted","None","N/A","N/A","N/A","N/A","N/A","N/A","N/A","notContacted","NO4504428619-1_AmundSkuterud","SAFE TO REMOVE - Device never enrolled or already retired from Intune"
"Not in Intune","5CG2293T31","HP ProBook x360 11 G7 Education Edition","HP","352cee8b-680a-4d0b-a2e9-472223be53a9","N/A","No","Yes","Never synced","N/A","ORPHANED - In Autopilot only","notContacted","None","N/A","N/A","N/A","N/A","N/A","N/A","N/A","notContacted","NO4504428619-1_AmundSkuterud","SAFE TO REMOVE - Device never enrolled or already retired from Intune"
"Not in Intune","5CG2293T3B","HP ProBook x360 11 G7 Education Edition","HP","816d523f-d8e1-4d0c-825c-ce7dced26d76","N/A","No","Yes","Never synced","N/A","ORPHANED - In Autopilot only","notContacted","None","N/A","N/A","N/A","N/A","N/A","N/A","N/A","notContacted","NO4504428619-1_AmundSkuterud","SAFE TO REMOVE - Device never enrolled or already retired from Intune"
"Not in Intune","5CG2293T3P","HP ProBook x360 11 G7 Education Edition","HP","6276842c-60d8-4c47-922e-fa3832df49b2","N/A","No","Yes","Never synced","N/A","ORPHANED - In Autopilot only","notContacted","None","N/A","N/A","N/A","N/A","N/A","N/A","N/A","notContacted","NO4504428619-1_AmundSkuterud","SAFE TO REMOVE - Device never enrolled or already retired from Intune"
"Not in Intune","5CG3026V9Q","HP Elite x360 1040 14 inch G9 2-in-1 Notebook PC","HP","8e394459-0310-4fce-b341-44459377562d","N/A","No","Yes","Never synced","N/A","ORPHANED - In Autopilot only","notContacted","None","N/A","N/A","N/A","N/A","N/A","N/A","N/A","notContacted","NO4504785372-1_3609LEHAR","SAFE TO REMOVE - Device never enrolled or already retired from Intune"
"Not in Intune","5CG3204BLF","HP Pro x360 Fortis 11 inch G11 Notebook PC","HP","62e06a0d-0a43-4fe3-998d-ef12c34521f5","N/A","No","Yes","Never synced","N/A","ORPHANED - In Autopilot only","notContacted","None","N/A","N/A","N/A","N/A","N/A","N/A","N/A","notContacted","NOd371b8b1dCSV-1_Atea","SAFE TO REMOVE - Device never enrolled or already retired from Intune"
"Not in Intune","5CG3204BLX","HP Pro x360 Fortis 11 inch G11 Notebook PC","HP","ee6f491f-26bf-4e14-9d03-1929397db3f8","N/A","No","Yes","Never synced","N/A","ORPHANED - In Autopilot only","notContacted","None","N/A","N/A","N/A","N/A","N/A","N/A","N/A","notContacted","NOd371b8b1dCSV-1_Atea","SAFE TO REMOVE - Device never enrolled or already retired from Intune"
"Not in Intune","5CG3204BW0","HP Pro x360 Fortis 11 inch G11 Notebook PC","HP","92237aef-8baf-44c7-a5ef-24ac69cf2349","N/A","No","Yes","Never synced","N/A","ORPHANED - In Autopilot only","notContacted","None","N/A","N/A","N/A","N/A","N/A","N/A","N/A","notContacted","NOd371b8b1dCSV-1_Atea","SAFE TO REMOVE - Device never enrolled or already retired from Intune"
"Not in Intune","5CG3204BXG","HP Pro x360 Fortis 11 inch G11 Notebook PC","HP","326bf603-e4f1-4059-8429-ca64ba44a107","N/A","No","Yes","Never synced","N/A","ORPHANED - In Autopilot only","notContacted","None","N/A","N/A","N/A","N/A","N/A","N/A","N/A","notContacted","NOd371b8b1dCSV-1_Atea","SAFE TO REMOVE - Device never enrolled or already retired from Intune"
"Not in Intune","5CG3204C3N","HP Pro x360 Fortis 11 inch G11 Notebook PC","HP","341765e7-a129-4884-8bfe-e8bab636758d","N/A","No","Yes","Never synced","N/A","ORPHANED - In Autopilot only","notContacted","None","N/A","N/A","N/A","N/A","N/A","N/A","N/A","notContacted","NOd371b8b1dCSV-1_Atea","SAFE TO REMOVE - Device never enrolled or already retired from Intune"
"Not in Intune","5CG3204C3Z","HP Pro x360 Fortis 11 inch G11 Notebook PC","HP","b0d3cfaf-d1d7-4587-ace3-a68734b5708d","N/A","No","Yes","Never synced","N/A","ORPHANED - In Autopilot only","notContacted","None","N/A","N/A","N/A","N/A","N/A","N/A","N/A","notContacted","NOd371b8b1dCSV-1_Atea","SAFE TO REMOVE - Device never enrolled or already retired from Intune"
